timeStamp,elapsed,label,responseCode,responseMessage,threadName,dataType,success,failureMessage,bytes,sentBytes,grpThreads,allThreads,URL,Latency,IdleTime,Connect
1537690889860,83,get_login,200,OK,login_make_delete_logout 1-1,text,true,,1371,133,1,1,http://eds_university.eleks.com/login,83,0,39
1537690890048,85,get_login,200,OK,login_make_delete_logout 1-3,text,true,,1371,133,3,3,http://eds_university.eleks.com/login,85,0,39
1537690894061,298,post_login,200,OK,login_make_delete_logout 1-1,text,true,,461,278,10,10,http://193.105.219.194:8080/api/gds-release/v1/auth/login,298,0,40
1537690896138,295,post_login,200,OK,login_make_delete_logout 1-3,text,true,,461,278,10,10,http://193.105.219.194:8080/api/gds-release/v1/auth/login,295,0,37
1537690897671,89,get_login,200,OK,login_make_delete_logout 1-2,text,true,,1371,133,10,10,http://eds_university.eleks.com/login,89,0,43
1537690897671,95,get_login,200,OK,login_make_delete_logout 1-6,text,true,,1371,133,10,10,http://eds_university.eleks.com/login,95,0,46
1537690897673,94,get_login,200,OK,login_make_delete_logout 1-7,text,true,,1371,133,10,10,http://eds_university.eleks.com/login,94,0,45
1537690896435,1642,get_product_family,200,OK,login_make_delete_logout 1-3,text,true,,8609,247,10,10,http://193.105.219.194:8080/api/gds-release/v1/product-family,1642,0,0
1537690897767,312,post_login,200,OK,login_make_delete_logout 1-6,text,true,,461,278,10,10,http://193.105.219.194:8080/api/gds-release/v1/auth/login,312,0,39
1537690898371,443,get_product_family,200,OK,login_make_delete_logout 1-1,text,true,,8609,247,10,10,http://193.105.219.194:8080/api/gds-release/v1/product-family,443,0,39
1537690898818,96,get_login,200,OK,login_make_delete_logout 1-5,text,true,,1371,133,10,10,http://eds_university.eleks.com/login,96,0,50
1537690898915,396,post_login,200,OK,login_make_delete_logout 1-5,text,true,,461,278,10,10,http://193.105.219.194:8080/api/gds-release/v1/auth/login,396,0,57
1537690899312,85,get_product_family,200,OK,login_make_delete_logout 1-5,text,true,,8609,247,10,10,http://193.105.219.194:8080/api/gds-release/v1/product-family,85,0,0
1537690899313,150,get_login,200,OK,login_make_delete_logout 1-9,text,true,,1371,133,10,10,http://eds_university.eleks.com/login,150,0,63
1537690899465,243,post_login,200,OK,login_make_delete_logout 1-9,text,true,,461,278,10,10,http://193.105.219.194:8080/api/gds-release/v1/auth/login,243,0,70
1537690899710,110,get_product_family,200,OK,login_make_delete_logout 1-9,text,true,,8609,247,10,10,http://193.105.219.194:8080/api/gds-release/v1/product-family,110,0,0
1537690900372,177,get_login,200,OK,login_make_delete_logout 1-8,text,true,,1371,133,10,10,http://eds_university.eleks.com/login,177,0,106
1537690900372,356,post_login,200,OK,login_make_delete_logout 1-7,text,true,,461,278,10,10,http://193.105.219.194:8080/api/gds-release/v1/auth/login,356,0,96
1537690900729,389,get_product_family,200,OK,login_make_delete_logout 1-7,text,true,,8609,247,10,10,http://193.105.219.194:8080/api/gds-release/v1/product-family,389,0,0
1537690900730,397,get_login,200,OK,login_make_delete_logout 1-10,text,true,,1371,133,10,10,http://eds_university.eleks.com/login,397,0,48
1537690901965,100,get_login,200,OK,login_make_delete_logout 1-4,text,true,,1371,133,10,10,http://eds_university.eleks.com/login,100,0,52
1537690900372,3058,post_login,200,OK,login_make_delete_logout 1-2,text,true,,461,278,10,10,http://193.105.219.194:8080/api/gds-release/v1/auth/login,3058,0,1066
1537690901793,1637,post_login,200,OK,login_make_delete_logout 1-10,text,true,,461,278,10,10,http://193.105.219.194:8080/api/gds-release/v1/auth/login,1637,0,43
1537690901465,1966,post_login,200,OK,login_make_delete_logout 1-8,text,true,,461,278,10,10,http://193.105.219.194:8080/api/gds-release/v1/auth/login,1966,0,52
1537690902070,1628,post_login,200,OK,login_make_delete_logout 1-4,text,true,,461,278,10,10,http://193.105.219.194:8080/api/gds-release/v1/auth/login,1627,0,44
1537690901464,2263,get_product_family,200,OK,login_make_delete_logout 1-6,text,true,,8609,247,10,10,http://193.105.219.194:8080/api/gds-release/v1/product-family,2263,0,43
1537690903432,997,get_product_family,200,OK,login_make_delete_logout 1-10,text,true,,8609,247,10,10,http://193.105.219.194:8080/api/gds-release/v1/product-family,703,0,0
1537690903433,1045,get_product_family,200,OK,login_make_delete_logout 1-8,text,true,,8609,247,10,10,http://193.105.219.194:8080/api/gds-release/v1/product-family,702,0,0
1537690903432,1155,get_product_family,200,OK,login_make_delete_logout 1-2,text,true,,8609,247,10,10,http://193.105.219.194:8080/api/gds-release/v1/product-family,1155,0,98
1537690903699,1368,get_product_family,200,OK,login_make_delete_logout 1-4,text,true,,8609,247,10,10,http://193.105.219.194:8080/api/gds-release/v1/product-family,1311,0,0
1537690898078,26752,make_product,200,OK,login_make_delete_logout 1-3,text,true,,1104888,512,10,10,http://193.105.219.194:8080/api/gds-release/v1/products,714,0,0
1537690899822,34357,make_product,200,OK,login_make_delete_logout 1-9,text,true,,1104888,512,10,10,http://193.105.219.194:8080/api/gds-release/v1/products,447,0,0
1537690898816,39003,make_product,200,OK,login_make_delete_logout 1-1,text,true,,1104888,512,10,10,http://193.105.219.194:8080/api/gds-release/v1/products,423,0,0
1537690901105,40938,make_product,200,OK,login_make_delete_logout 1-5,text,true,,1104888,512,10,10,http://193.105.219.194:8080/api/gds-release/v1/products,866,0,43
1537690904432,38568,make_product,200,OK,login_make_delete_logout 1-10,text,true,,1104888,512,10,10,http://193.105.219.194:8080/api/gds-release/v1/products,2019,0,1048
1537690901792,44737,make_product,200,OK,login_make_delete_logout 1-7,text,true,,1104888,512,10,10,http://193.105.219.194:8080/api/gds-release/v1/products,1067,0,0
1537690905071,47330,make_product,200,OK,login_make_delete_logout 1-4,text,true,,1104888,512,10,10,http://193.105.219.194:8080/api/gds-release/v1/products,687,0,47
1537690904480,49258,make_product,200,OK,login_make_delete_logout 1-8,text,true,,1104888,512,10,10,http://193.105.219.194:8080/api/gds-release/v1/products,2038,0,1058
1537690904589,49346,make_product,200,OK,login_make_delete_logout 1-2,text,true,,1104888,512,10,10,http://193.105.219.194:8080/api/gds-release/v1/products,608,0,0
1537690903729,56561,make_product,200,OK,login_make_delete_logout 1-6,text,true,,1104888,512,10,10,http://193.105.219.194:8080/api/gds-release/v1/products,1679,0,1049
1537690924832,41597,get_product_list,200,OK,login_make_delete_logout 1-3,text,true,,1105320,217,10,10,http://193.105.219.194:8080/api/gds-release/v1/products?includeInactive=true,1417,0,156
1537690966468,221,delete_product,200,OK,login_make_delete_logout 1-3,text,true,,300,287,10,10,http://193.105.219.194:8080/api/gds-release/v1/products/5823,221,0,100
1537690966690,109,post_logout,200,OK,login_make_delete_logout 1-3,,true,,251,314,10,10,http://193.105.219.194:8080/api/gds-release/v1/auth/logout,109,0,0
1537690966802,1198,get_login,200,OK,login_make_delete_logout 1-3,text,true,,1371,133,10,10,http://eds_university.eleks.com/login,1198,0,1098
1537690968002,378,post_login,200,OK,login_make_delete_logout 1-3,text,true,,461,278,10,10,http://193.105.219.194:8080/api/gds-release/v1/auth/login,378,0,98
1537690968382,368,get_product_family,200,OK,login_make_delete_logout 1-3,text,true,,8609,247,10,10,http://193.105.219.194:8080/api/gds-release/v1/product-family,368,0,0
1537690934181,49278,get_product_list,200,OK,login_make_delete_logout 1-9,text,true,,1105320,217,10,10,http://193.105.219.194:8080/api/gds-release/v1/products?includeInactive=true,967,0,68
1537690943001,40479,get_product_list,200,OK,login_make_delete_logout 1-10,text,true,,1105320,217,10,10,http://193.105.219.194:8080/api/gds-release/v1/products?includeInactive=true,830,0,43
1537690983497,652,delete_product,200,OK,login_make_delete_logout 1-9,text,true,,300,287,10,10,http://193.105.219.194:8080/api/gds-release/v1/products/6972,652,0,304
1537690983504,645,delete_product,200,OK,login_make_delete_logout 1-10,text,true,,300,287,10,10,http://193.105.219.194:8080/api/gds-release/v1/products/5319,645,0,307
1537690984152,348,post_logout,200,OK,login_make_delete_logout 1-9,,true,,251,314,10,10,http://193.105.219.194:8080/api/gds-release/v1/auth/logout,348,0,0
1537690984152,347,post_logout,200,OK,login_make_delete_logout 1-10,,true,,251,314,10,10,http://193.105.219.194:8080/api/gds-release/v1/auth/logout,347,0,0
1537690984504,656,get_login,200,OK,login_make_delete_logout 1-9,text,true,,1371,133,10,10,http://eds_university.eleks.com/login,656,0,326
1537690984504,666,get_login,200,OK,login_make_delete_logout 1-10,text,true,,1371,133,10,10,http://eds_university.eleks.com/login,666,0,326
1537690985163,1146,post_login,200,OK,login_make_delete_logout 1-9,text,true,,461,278,10,10,http://193.105.219.194:8080/api/gds-release/v1/auth/login,1146,0,359
1537690985171,1138,post_login,200,OK,login_make_delete_logout 1-10,text,true,,461,278,10,10,http://193.105.219.194:8080/api/gds-release/v1/auth/login,1138,0,359
1537690986311,432,get_product_family,200,OK,login_make_delete_logout 1-9,text,true,,8609,247,10,10,http://193.105.219.194:8080/api/gds-release/v1/product-family,431,0,0
1537690986312,828,get_product_family,200,OK,login_make_delete_logout 1-10,text,true,,8609,247,10,10,http://193.105.219.194:8080/api/gds-release/v1/product-family,828,0,0
1537690937821,49318,get_product_list,200,OK,login_make_delete_logout 1-1,text,true,,1105320,217,10,10,http://193.105.219.194:8080/api/gds-release/v1/products?includeInactive=true,818,0,89
1537690987180,2911,delete_product,200,OK,login_make_delete_logout 1-1,text,true,,300,287,10,10,http://193.105.219.194:8080/api/gds-release/v1/products/4778,2911,0,370
1537690942045,51254,get_product_list,200,OK,login_make_delete_logout 1-5,text,true,,1105320,217,10,10,http://193.105.219.194:8080/api/gds-release/v1/products?includeInactive=true,2113,0,1035
1537690990092,4238,post_logout,200,OK,login_make_delete_logout 1-1,,true,,251,314,10,10,http://193.105.219.194:8080/api/gds-release/v1/auth/logout,4238,0,187
1537690994332,387,get_login,200,OK,login_make_delete_logout 1-1,text,true,,1371,133,10,10,http://eds_university.eleks.com/login,387,0,197
1537690994720,2120,post_login,200,OK,login_make_delete_logout 1-1,text,true,,461,278,10,10,http://193.105.219.194:8080/api/gds-release/v1/auth/login,2120,0,209
1537690993346,3605,delete_product,200,OK,login_make_delete_logout 1-5,text,true,,300,287,10,10,http://193.105.219.194:8080/api/gds-release/v1/products/4596,3605,0,173
1537690946531,51290,get_product_list,200,OK,login_make_delete_logout 1-7,text,true,,1105320,217,10,10,http://193.105.219.194:8080/api/gds-release/v1/products?includeInactive=true,1003,0,42
1537690996952,1338,post_logout,200,OK,login_make_delete_logout 1-5,,true,,251,314,10,10,http://193.105.219.194:8080/api/gds-release/v1/auth/logout,1338,0,187
1537690996842,1548,get_product_family,200,OK,login_make_delete_logout 1-1,text,true,,8609,247,10,10,http://193.105.219.194:8080/api/gds-release/v1/product-family,1548,0,187
1537690997852,977,delete_product,200,OK,login_make_delete_logout 1-7,text,true,,300,287,10,10,http://193.105.219.194:8080/api/gds-release/v1/products/7206,977,0,187
1537690998292,1295,get_login,200,OK,login_make_delete_logout 1-5,text,true,,1371,133,10,10,http://eds_university.eleks.com/login,1295,0,1138
1537690998829,823,post_logout,200,OK,login_make_delete_logout 1-7,,true,,251,314,10,10,http://193.105.219.194:8080/api/gds-release/v1/auth/logout,823,0,0
1537690999654,167,get_login,200,OK,login_make_delete_logout 1-7,text,true,,1371,133,10,10,http://eds_university.eleks.com/login,167,0,85
1537690999589,2651,post_login,200,OK,login_make_delete_logout 1-5,text,true,,461,278,10,10,http://193.105.219.194:8080/api/gds-release/v1/auth/login,2651,0,101
1537690953739,48544,get_product_list,200,OK,login_make_delete_logout 1-8,text,true,,1105320,217,10,10,http://193.105.219.194:8080/api/gds-release/v1/products?includeInactive=true,934,0,40
1537690999823,3949,post_login,200,OK,login_make_delete_logout 1-7,text,true,,461,278,10,10,http://193.105.219.194:8080/api/gds-release/v1/auth/login,3948,0,1137
1537691002241,2621,get_product_family,200,OK,login_make_delete_logout 1-5,text,true,,8609,247,10,10,http://193.105.219.194:8080/api/gds-release/v1/product-family,2621,0,128
1537691002317,2744,delete_product,200,OK,login_make_delete_logout 1-8,text,true,,300,287,10,10,http://193.105.219.194:8080/api/gds-release/v1/products/4235,2744,0,124
1537690953936,51675,get_product_list,200,OK,login_make_delete_logout 1-2,text,true,,1105320,217,10,10,http://193.105.219.194:8080/api/gds-release/v1/products?includeInactive=true,4028,0,3043
1537691005062,1227,post_logout,200,OK,login_make_delete_logout 1-8,,true,,251,314,10,10,http://193.105.219.194:8080/api/gds-release/v1/auth/logout,1227,0,138
1537691003773,2618,get_product_family,200,OK,login_make_delete_logout 1-7,text,true,,8609,247,10,10,http://193.105.219.194:8080/api/gds-release/v1/product-family,2618,0,98
1537691006293,268,get_login,200,OK,login_make_delete_logout 1-8,text,true,,1371,133,10,10,http://eds_university.eleks.com/login,268,0,137
1537691005644,1327,delete_product,200,OK,login_make_delete_logout 1-2,text,true,,300,287,10,10,http://193.105.219.194:8080/api/gds-release/v1/products/6425,1327,0,115
1537691006972,1250,post_logout,200,OK,login_make_delete_logout 1-2,,true,,251,314,10,10,http://193.105.219.194:8080/api/gds-release/v1/auth/logout,1250,0,0
1537691008225,165,get_login,200,OK,login_make_delete_logout 1-2,text,true,,1371,133,10,10,http://eds_university.eleks.com/login,165,0,86
1537691006563,2197,post_login,200,OK,login_make_delete_logout 1-8,text,true,,461,278,10,10,http://193.105.219.194:8080/api/gds-release/v1/auth/login,2197,0,127
1537690960291,49810,get_product_list,200,OK,login_make_delete_logout 1-6,text,true,,1105320,217,10,10,http://193.105.219.194:8080/api/gds-release/v1/products?includeInactive=true,1740,0,521
1537690952402,57749,get_product_list,200,OK,login_make_delete_logout 1-4,text,true,,1105320,217,10,10,http://193.105.219.194:8080/api/gds-release/v1/products?includeInactive=true,3773,0,3040
1537691008392,2580,post_login,200,OK,login_make_delete_logout 1-2,text,true,,461,278,10,10,http://193.105.219.194:8080/api/gds-release/v1/auth/login,2580,0,98
1537691008761,2859,get_product_family,200,OK,login_make_delete_logout 1-8,text,true,,8609,247,10,10,http://193.105.219.194:8080/api/gds-release/v1/product-family,2859,0,119
1537691010192,3020,delete_product,200,OK,login_make_delete_logout 1-4,text,true,,300,287,10,10,http://193.105.219.194:8080/api/gds-release/v1/products/2447,3019,0,108
1537691010973,3007,get_product_family,200,OK,login_make_delete_logout 1-2,text,true,,8609,247,10,10,http://193.105.219.194:8080/api/gds-release/v1/product-family,2798,0,77
1537691010139,5432,delete_product,200,OK,login_make_delete_logout 1-6,text,true,,300,287,10,10,http://193.105.219.194:8080/api/gds-release/v1/products/7182,5432,0,3091
1537691013214,3268,post_logout,200,OK,login_make_delete_logout 1-4,,true,,251,314,10,10,http://193.105.219.194:8080/api/gds-release/v1/auth/logout,3268,0,1138
1537691015572,1199,post_logout,200,OK,login_make_delete_logout 1-6,,true,,251,314,10,10,http://193.105.219.194:8080/api/gds-release/v1/auth/logout,1199,0,117
1537691016485,657,get_login,200,OK,login_make_delete_logout 1-4,text,true,,1371,133,10,10,http://eds_university.eleks.com/login,657,0,96
1537691016773,1838,get_login,200,OK,login_make_delete_logout 1-6,text,true,,1371,133,10,10,http://eds_university.eleks.com/login,1700,0,1087
1537691017144,1897,post_login,200,OK,login_make_delete_logout 1-4,text,true,,461,278,10,10,http://193.105.219.194:8080/api/gds-release/v1/auth/login,1897,0,108
1537691019043,1407,get_product_family,200,OK,login_make_delete_logout 1-4,text,true,,8609,247,10,10,http://193.105.219.194:8080/api/gds-release/v1/product-family,1148,0,0
1537690968752,52039,make_product,200,OK,login_make_delete_logout 1-3,text,true,,1104619,512,10,10,http://193.105.219.194:8080/api/gds-release/v1/products,1138,0,0
1537691018613,3527,post_login,200,OK,login_make_delete_logout 1-6,text,true,,461,278,10,10,http://193.105.219.194:8080/api/gds-release/v1/auth/login,3527,0,156
1537691022142,2648,get_product_family,200,OK,login_make_delete_logout 1-6,text,true,,8609,247,10,10,http://193.105.219.194:8080/api/gds-release/v1/product-family,2648,0,109
1537690986745,45107,make_product,200,OK,login_make_delete_logout 1-9,text,true,,1104129,512,10,10,http://193.105.219.194:8080/api/gds-release/v1/products,985,0,0
1537690987142,50363,make_product,200,OK,login_make_delete_logout 1-10,text,true,,1104129,512,10,10,http://193.105.219.194:8080/api/gds-release/v1/products,3038,0,0
1537690998391,46133,make_product,200,OK,login_make_delete_logout 1-1,text,true,,1098938,512,10,10,http://193.105.219.194:8080/api/gds-release/v1/products,1340,0,0
1537691004863,41048,make_product,200,OK,login_make_delete_logout 1-5,text,true,,1096096,512,10,10,http://193.105.219.194:8080/api/gds-release/v1/products,2228,0,136
1537691006392,43345,make_product,200,OK,login_make_delete_logout 1-7,text,true,,1094519,512,10,10,http://193.105.219.194:8080/api/gds-release/v1/products,2658,0,148
1537691011623,42677,make_product,200,OK,login_make_delete_logout 1-8,text,true,,1092662,512,10,10,http://193.105.219.194:8080/api/gds-release/v1/products,2489,0,106
1537691013982,41303,make_product,200,OK,login_make_delete_logout 1-2,text,true,,1091641,512,10,10,http://193.105.219.194:8080/api/gds-release/v1/products,2559,0,148
1537691037507,20855,get_product_list,Non HTTP response code: org.apache.http.ConnectionClosedException,Non HTTP response message: Premature end of Content-Length delimited message body (expected: 1079635; received: 94947,login_make_delete_logout 1-10,text,false,,1330,0,10,10,http://193.105.219.194:8080/api/gds-release/v1/products?includeInactive=true,2937,0,41
1537691058366,348,delete_product,400,Bad Request,login_make_delete_logout 1-10,text,false,,570,301,10,10,http://193.105.219.194:8080/api/gds-release/v1/products/INvalid_product_id,348,0,38
1537691058718,688,post_logout,200,OK,login_make_delete_logout 1-10,,true,,251,314,10,10,http://193.105.219.194:8080/api/gds-release/v1/auth/logout,688,0,0
1537691059408,135,get_login,200,OK,login_make_delete_logout 1-10,text,true,,1371,133,10,10,http://eds_university.eleks.com/login,135,0,42
1537691059543,3480,post_login,200,OK,login_make_delete_logout 1-10,text,true,,461,278,10,10,http://193.105.219.194:8080/api/gds-release/v1/auth/login,3480,0,39
1537691063024,1450,get_product_family,200,OK,login_make_delete_logout 1-10,text,true,,8609,247,10,10,http://193.105.219.194:8080/api/gds-release/v1/product-family,1450,0,68
1537691020452,45139,make_product,200,OK,login_make_delete_logout 1-4,text,true,,1087986,512,10,10,http://193.105.219.194:8080/api/gds-release/v1/products,2619,0,122
1537691020792,46914,get_product_list,200,OK,login_make_delete_logout 1-3,text,true,,1088418,217,10,10,http://193.105.219.194:8080/api/gds-release/v1/products?includeInactive=true,2319,0,110
1537691067755,2862,delete_product,200,OK,login_make_delete_logout 1-3,text,true,,300,287,10,10,http://193.105.219.194:8080/api/gds-release/v1/products/2704,2862,0,1053
1537691031854,39158,get_product_list,Non HTTP response code: org.apache.http.ConnectionClosedException,Non HTTP response message: Premature end of Content-Length delimited message body (expected: 1082732; received: 686547,login_make_delete_logout 1-9,text,false,,1331,0,10,10,http://193.105.219.194:8080/api/gds-release/v1/products?includeInactive=true,2135,0,46
1537691070618,1340,post_logout,200,OK,login_make_delete_logout 1-3,,true,,251,314,10,10,http://193.105.219.194:8080/api/gds-release/v1/auth/logout,1340,0,48
1537691071960,88,get_login,200,OK,login_make_delete_logout 1-3,text,true,,1371,133,10,10,http://eds_university.eleks.com/login,88,0,41
1537691071015,2860,delete_product,400,Bad Request,login_make_delete_logout 1-9,text,false,,570,301,10,10,http://193.105.219.194:8080/api/gds-release/v1/products/INvalid_product_id,2860,0,1039
1537691072050,2632,post_login,200,OK,login_make_delete_logout 1-3,text,true,,461,278,10,10,http://193.105.219.194:8080/api/gds-release/v1/auth/login,2632,0,1035
1537691024794,50430,make_product,200,OK,login_make_delete_logout 1-6,text,true,,1085878,512,10,10,http://193.105.219.194:8080/api/gds-release/v1/products,2848,0,87
1537691074685,1544,get_product_family,200,OK,login_make_delete_logout 1-3,text,true,,8609,247,10,10,http://193.105.219.194:8080/api/gds-release/v1/product-family,1544,0,39
1537691073877,3393,post_logout,200,OK,login_make_delete_logout 1-9,,true,,251,314,10,10,http://193.105.219.194:8080/api/gds-release/v1/auth/logout,3393,0,1037
1537691077271,2239,get_login,200,OK,login_make_delete_logout 1-9,text,true,,1371,133,10,10,http://eds_university.eleks.com/login,620,0,52
1537691079511,2376,post_login,200,OK,login_make_delete_logout 1-9,text,true,,461,278,10,10,http://193.105.219.194:8080/api/gds-release/v1/auth/login,2376,0,1039
1537691044525,39300,get_product_list,200,OK,login_make_delete_logout 1-1,text,true,,1074984,217,10,10,http://193.105.219.194:8080/api/gds-release/v1/products?includeInactive=true,5317,0,3044
1537691081888,3099,get_product_family,200,OK,login_make_delete_logout 1-9,text,true,,8609,247,10,10,http://193.105.219.194:8080/api/gds-release/v1/product-family,3099,0,40
1537691045913,39253,get_product_list,200,OK,login_make_delete_logout 1-5,text,true,,1076053,217,10,10,http://193.105.219.194:8080/api/gds-release/v1/products?includeInactive=true,1396,0,39
1537691083845,1363,delete_product,200,OK,login_make_delete_logout 1-1,text,true,,300,287,10,10,http://193.105.219.194:8080/api/gds-release/v1/products/6159,1363,0,46
1537691085208,596,post_logout,200,OK,login_make_delete_logout 1-1,,true,,251,314,10,10,http://193.105.219.194:8080/api/gds-release/v1/auth/logout,596,0,0
1537691085806,100,get_login,200,OK,login_make_delete_logout 1-1,text,true,,1371,133,10,10,http://eds_university.eleks.com/login,100,0,46
1537691085197,1889,delete_product,200,OK,login_make_delete_logout 1-5,text,true,,300,286,10,10,http://193.105.219.194:8080/api/gds-release/v1/products/336,1889,0,40
1537691054301,33025,get_product_list,200,OK,login_make_delete_logout 1-8,text,true,,1072151,217,10,10,http://193.105.219.194:8080/api/gds-release/v1/products?includeInactive=true,1495,0,41
1537691087087,1296,post_logout,200,OK,login_make_delete_logout 1-5,,true,,251,314,10,10,http://193.105.219.194:8080/api/gds-release/v1/auth/logout,1296,0,0
1537691085908,2477,post_login,200,OK,login_make_delete_logout 1-1,text,true,,461,278,10,10,http://193.105.219.194:8080/api/gds-release/v1/auth/login,2477,0,1074
1537691087376,1025,delete_product,200,OK,login_make_delete_logout 1-8,text,true,,300,287,10,10,http://193.105.219.194:8080/api/gds-release/v1/products/5470,1025,0,41
1537691088385,96,get_login,200,OK,login_make_delete_logout 1-5,text,true,,1371,133,10,10,http://eds_university.eleks.com/login,96,0,46
1537691088402,2215,post_logout,200,OK,login_make_delete_logout 1-8,,true,,251,314,10,10,http://193.105.219.194:8080/api/gds-release/v1/auth/logout,2215,0,0
1537691055287,35397,get_product_list,200,OK,login_make_delete_logout 1-2,text,true,,1070894,217,10,10,http://193.105.219.194:8080/api/gds-release/v1/products?includeInactive=true,977,0,40
1537691088482,2498,post_login,200,OK,login_make_delete_logout 1-5,text,true,,461,278,10,10,http://193.105.219.194:8080/api/gds-release/v1/auth/login,2498,0,1038
1537691090620,380,get_login,200,OK,login_make_delete_logout 1-8,text,true,,1371,133,10,10,http://eds_university.eleks.com/login,380,0,41
1537691088386,2632,get_product_family,200,OK,login_make_delete_logout 1-1,text,true,,8609,247,10,10,http://193.105.219.194:8080/api/gds-release/v1/product-family,2632,0,1043
1537691090743,1703,delete_product,200,OK,login_make_delete_logout 1-2,text,true,,300,287,10,10,http://193.105.219.194:8080/api/gds-release/v1/products/7444,1703,0,44
1537691092448,1683,post_logout,200,OK,login_make_delete_logout 1-2,,true,,251,314,10,10,http://193.105.219.194:8080/api/gds-release/v1/auth/logout,1683,0,0
1537691090981,3262,get_product_family,200,OK,login_make_delete_logout 1-5,text,true,,8609,247,10,10,http://193.105.219.194:8080/api/gds-release/v1/product-family,3262,0,1043
1537691094133,1110,get_login,200,OK,login_make_delete_logout 1-2,text,true,,1371,133,10,10,http://eds_university.eleks.com/login,1110,0,1049
1537691091001,4250,post_login,200,OK,login_make_delete_logout 1-8,text,true,,461,278,10,10,http://193.105.219.194:8080/api/gds-release/v1/auth/login,4250,0,1037
1537691095245,1896,post_login,200,OK,login_make_delete_logout 1-2,text,true,,461,278,10,10,http://193.105.219.194:8080/api/gds-release/v1/auth/login,1896,0,47
1537691095252,1924,get_product_family,200,OK,login_make_delete_logout 1-8,text,true,,8609,247,10,10,http://193.105.219.194:8080/api/gds-release/v1/product-family,1924,0,1055
1537691049738,50880,get_product_list,Non HTTP response code: org.apache.http.ConnectionClosedException,Non HTTP response message: Premature end of Content-Length delimited message body (expected: 1073987; received: 912307,login_make_delete_logout 1-7,text,false,,1331,0,10,10,http://193.105.219.194:8080/api/gds-release/v1/products?includeInactive=true,2814,0,40
1537691097143,5110,get_product_family,200,OK,login_make_delete_logout 1-2,text,true,,8609,247,10,10,http://193.105.219.194:8080/api/gds-release/v1/product-family,5110,0,0
1537691100621,2673,delete_product,400,Bad Request,login_make_delete_logout 1-7,text,false,,570,301,10,10,http://193.105.219.194:8080/api/gds-release/v1/products/INvalid_product_id,2673,0,1054
1537691103295,2733,post_logout,200,OK,login_make_delete_logout 1-7,,true,,251,314,10,10,http://193.105.219.194:8080/api/gds-release/v1/auth/logout,2732,0,1039
1537691106030,3176,get_login,200,OK,login_make_delete_logout 1-7,text,true,,1371,133,10,10,http://eds_university.eleks.com/login,3175,0,3041
1537691109208,784,post_login,200,OK,login_make_delete_logout 1-7,text,true,,461,278,10,10,http://193.105.219.194:8080/api/gds-release/v1/auth/login,784,0,41
1537691065593,44431,get_product_list,200,OK,login_make_delete_logout 1-4,text,true,,1065793,217,10,10,http://193.105.219.194:8080/api/gds-release/v1/products?includeInactive=true,2299,0,44
1537691109993,1648,get_product_family,200,OK,login_make_delete_logout 1-7,text,true,,8609,247,10,10,http://193.105.219.194:8080/api/gds-release/v1/product-family,1648,0,0
1537691110061,1742,delete_product,200,OK,login_make_delete_logout 1-4,text,true,,300,287,10,10,http://193.105.219.194:8080/api/gds-release/v1/products/5117,1742,0,1038
1537691111804,1085,post_logout,200,OK,login_make_delete_logout 1-4,,true,,251,314,10,10,http://193.105.219.194:8080/api/gds-release/v1/auth/logout,1085,0,0
1537691112891,1476,get_login,200,OK,login_make_delete_logout 1-4,text,true,,1371,133,10,10,http://eds_university.eleks.com/login,1476,0,1054
1537691076230,38370,make_product,200,OK,login_make_delete_logout 1-3,text,true,,1059794,512,10,10,http://193.105.219.194:8080/api/gds-release/v1/products,1217,0,0
1537691114369,2181,post_login,200,OK,login_make_delete_logout 1-4,text,true,,461,278,10,10,http://193.105.219.194:8080/api/gds-release/v1/auth/login,2181,0,40
1537691075226,41469,get_product_list,200,OK,login_make_delete_logout 1-6,text,true,,1060488,217,10,10,http://193.105.219.194:8080/api/gds-release/v1/products?includeInactive=true,1520,0,42
1537691116552,2770,get_product_family,200,OK,login_make_delete_logout 1-4,text,true,,8609,247,10,10,http://193.105.219.194:8080/api/gds-release/v1/product-family,2770,0,47
1537691116730,3595,delete_product,200,OK,login_make_delete_logout 1-6,text,true,,300,287,10,10,http://193.105.219.194:8080/api/gds-release/v1/products/5041,3595,0,1039
1537691120327,2590,post_logout,200,OK,login_make_delete_logout 1-6,,true,,251,314,10,10,http://193.105.219.194:8080/api/gds-release/v1/auth/logout,2590,0,40
1537691122919,87,get_login,200,OK,login_make_delete_logout 1-6,text,true,,1371,133,10,10,http://eds_university.eleks.com/login,87,0,41
1537691123008,1512,post_login,200,OK,login_make_delete_logout 1-6,text,true,,461,278,10,10,http://193.105.219.194:8080/api/gds-release/v1/auth/login,1512,0,38
1537691124519,1462,get_product_family,200,OK,login_make_delete_logout 1-6,text,true,,8609,247,10,10,http://193.105.219.194:8080/api/gds-release/v1/product-family,1461,0,0
1537691084989,43042,make_product,200,OK,login_make_delete_logout 1-9,text,true,,1054617,512,10,10,http://193.105.219.194:8080/api/gds-release/v1/products,1844,0,57
1537691091020,44582,make_product,200,OK,login_make_delete_logout 1-1,text,true,,1049518,512,10,10,http://193.105.219.194:8080/api/gds-release/v1/products,3064,0,43
1537691064476,72326,make_product,200,OK,login_make_delete_logout 1-10,text,true,,1065897,512,9,9,http://193.105.219.194:8080/api/gds-release/v1/products,1814,0,0
1537691094245,45833,make_product,200,OK,login_make_delete_logout 1-5,text,true,,1047947,512,8,8,http://193.105.219.194:8080/api/gds-release/v1/products,2938,0,1046
1537691097178,48387,make_product,200,OK,login_make_delete_logout 1-8,text,true,,1047437,512,7,7,http://193.105.219.194:8080/api/gds-release/v1/products,5370,0,0
1537691114600,32723,get_product_list,200,OK,login_make_delete_logout 1-3,text,true,,1038816,217,6,6,http://193.105.219.194:8080/api/gds-release/v1/products?includeInactive=true,2303,0,43
1537691102255,46474,make_product,200,OK,login_make_delete_logout 1-2,text,true,,1045865,512,5,5,http://193.105.219.194:8080/api/gds-release/v1/products,1588,0,40
1537691111643,37974,make_product,200,OK,login_make_delete_logout 1-7,text,true,,1039939,512,4,4,http://193.105.219.194:8080/api/gds-release/v1/products,1374,0,40
1537691119324,33652,make_product,200,OK,login_make_delete_logout 1-4,text,true,,1036259,512,3,3,http://193.105.219.194:8080/api/gds-release/v1/products,1556,0,44
1537691125982,27721,make_product,200,OK,login_make_delete_logout 1-6,text,true,,1033549,512,2,2,http://193.105.219.194:8080/api/gds-release/v1/products,579,0,46
1537691128031,27482,get_product_list,200,OK,login_make_delete_logout 1-9,text,true,,1032932,217,1,1,http://193.105.219.194:8080/api/gds-release/v1/products?includeInactive=true,5426,0,3043
